movieId,image
999,https://m.media-amazon.com/images/M/MV5BZDI0ZmFmYTgtMTQ5OS00MTVmLTgwNWYtNzIyY2Y5NjYxNzgyXkEyXkFqcGdeQXVyNzc5MjA3OA@@._V1_SX300.jpg
998,https://m.media-amazon.com/images/M/MV5BZjU0ZjgwMjctZjg1Ni00NmQxLThlZDEtNTMzZDkyMjNkZDI3XkEyXkFqcGdeQXVyNDAxNjkxNjQ@._V1_SX300.jpg
997,https://m.media-amazon.com/images/M/MV5BMTY2ODQ0MDg1Ml5BMl5BanBnXkFtZTcwODAxMTkxMQ@@._V1_SX300.jpg
996,https://m.media-amazon.com/images/M/MV5BOThkYmJjYTMtOWMzNC00ZjQ4LWI4NzAtYjRlMDA3ZWMyYWRmXkEyXkFqcGdeQXVyNDIyMjczNjI@._V1_SX300.jpg
994,https://m.media-amazon.com/images/M/MV5BNTlhODIzNzEtNjE3ZC00NjBjLWE3ZTQtN2U1YjQ0ZGUxODc1XkEyXkFqcGdeQXVyMTA0MjU0Ng@@._V1_SX300.jpg
992,https://m.media-amazon.com/images/M/MV5BMTI5Njg3ZjUtZDg3YS00NDg5LThlNzQtYjI2OTA4NzQzOTYyXkEyXkFqcGdeQXVyNzc5MjA3OA@@._V1_SX300.jpg
991,https://m.media-amazon.com/images/M/MV5BZjE5NGFmMGYtNmU1MC00ZWQxLWIzMzEtZjgzZjljMWNmYjE1XkEyXkFqcGdeQXVyNTYzNDI3MzQ@._V1_SX300.jpg
990,https://m.media-amazon.com/images/M/MV5BMzY5ZWQ0OTMtZjdiYy00YzhmLTg5MDAtMzRlMTllMDliMDJkXkEyXkFqcGdeQXVyNDc2NjEyMw@@._V1_SX300.jpg
99,https://m.media-amazon.com/images/M/MV5BMTc4NDc5NzQzNF5BMl5BanBnXkFtZTcwMDUyODkxMQ@@._V1_SX300.jpg
988,https://m.media-amazon.com/images/M/MV5BMTkxMzMxNzM2NF5BMl5BanBnXkFtZTYwMTY3NzU5._V1_SX300.jpg
987,https://m.media-amazon.com/images/M/MV5BMjA2NTgzNTY2Ml5BMl5BanBnXkFtZTcwMTc0MDgxMQ@@._V1_SX300.jpg
986,https://m.media-amazon.com/images/M/MV5BMTA0OTE5MDQ0NTBeQTJeQWpwZ15BbWU4MDI5OTc3NTMx._V1_SX300.jpg
984,https://m.media-amazon.com/images/M/MV5BM2MyZWNiZjctOGE1NS00YjBhLTk2ODAtOGQwOTQ5MDEwOTNiXkEyXkFqcGdeQXVyMTMxMTY0OTQ@._V1_SX300.jpg
982,https://m.media-amazon.com/images/M/MV5BOWYzOTcyNDEtOTcxYi00ODgxLWE1OWItOTM2NjNiOWNlYTg5XkEyXkFqcGdeQXVyNjMxODMyODU@._V1_SX300.jpg
978,https://m.media-amazon.com/images/M/MV5BMmExOWQyYmUtMDZlZS00ZWQxLWE3YWQtMmM2ZmJhNWJhYzExXkEyXkFqcGdeQXVyNDE5MTU2MDE@._V1_SX300.jpg
976,https://m.media-amazon.com/images/M/MV5BMzM2ODc0NTY3OF5BMl5BanBnXkFtZTgwMjQwNzkzMjE@._V1_SX300.jpg
974,https://m.media-amazon.com/images/M/MV5BYTA1ZjQ0MmUtYWJlZi00YjkxLTkxMjYtZjgzZGViMzE0MmY4XkEyXkFqcGdeQXVyNjc0MzMzNjA@._V1_SX300.jpg
973,https://m.media-amazon.com/images/M/MV5BMjJmOGYwNmItMjI5MS00ZGE2LWJlNDUtODZjYTBjNGQ1MTg5XkEyXkFqcGdeQXVyNDE5MTU2MDE@._V1_SX300.jpg
971,https://m.media-amazon.com/images/M/MV5BMzFhNTMwNDMtZjY3Yy00NzY3LWI1ZWQtZTQxMWJmODVhZWFkXkEyXkFqcGdeQXVyNjQzNDI3NzY@._V1_SX300.jpg
970,https://m.media-amazon.com/images/M/MV5BMjA2MDUyMzcxMl5BMl5BanBnXkFtZTgwOTQzNzYzMjE@._V1_SX300.jpg
97,https://m.media-amazon.com/images/M/MV5BMmVhZjhlZDYtMDAwZi00MDcyLTgzOTItOWNiZjY0YmE0MGE0XkEyXkFqcGdeQXVyMTQxNzMzNDI@._V1_SX300.jpg
969,https://m.media-amazon.com/images/M/MV5BOTg0NjY1NTEyMF5BMl5BanBnXkFtZTgwNjUwMTY3MjE@._V1_SX300.jpg
968,https://m.media-amazon.com/images/M/MV5BYzI4NmVhNmItYzAzNC00ZTJmLWExMjAtMjBjN2VjYWVmMDQwXkEyXkFqcGdeQXVyMzAxNjg3MjQ@._V1_SX300.jpg
967,https://m.media-amazon.com/images/M/MV5BZjRkYTZmYWQtODI5Ni00ZDQ2LWI4NDUtMmVhMTQ1YzgzZGZlL2ltYWdlL2ltYWdlXkEyXkFqcGdeQXVyMjUxODE0MDY@._V1_SX300.jpg
965,https://m.media-amazon.com/images/M/MV5BMTY5ODAzMTcwOF5BMl5BanBnXkFtZTcwMzYxNDYyNA@@._V1_SX300.jpg
964,https://m.media-amazon.com/images/M/MV5BYWI1NzdhYTMtZGE2ZS00ZjJjLThmZWQtNjY4ODcxNWM2YjQ3XkEyXkFqcGdeQXVyMTI1NDQ4NQ@@._V1_SX300.jpg
963,https://m.media-amazon.com/images/M/MV5BNTg0MjdhZDktMGQzNy00MTg0LWFiZTAtMjNkNTFlZTQ0NGM0XkEyXkFqcGdeQXVyMzg1ODEwNQ@@._V1_SX300.jpg
962,https://m.media-amazon.com/images/M/MV5BZjIwZGQ3OWItMzBlOC00NzQ4LTlmYzUtYjc2NTdhYjk5MTJkXkEyXkFqcGdeQXVyMTMxMTY0OTQ@._V1_SX300.jpg
961,https://m.media-amazon.com/images/M/MV5BOWIxZWM2ZTEtZmU5OS00N2EyLWEyODctZmE3N2Y4NTVmNzQ1L2ltYWdlXkEyXkFqcGdeQXVyNzM0MDQ1Mw@@._V1_SX300.jpg
960,https://m.media-amazon.com/images/M/MV5BZDYwZTQzNTgtNTk1NS00YjdkLWFiODUtZjQwN2Q2NGFkNDZmXkEyXkFqcGdeQXVyMTMxMTY0OTQ@._V1_SX300.jpg
"96,""https://m.media-amazon.com/images/M/MV5BMTIyMDEwMDAyMl5BMl5BanBnXkFtZTYwOTUwNTk4._V1_UX182_CR0,0,182,268_AL_.jpg"""
959,https://m.media-amazon.com/images/M/MV5BNDJiOGNkYTUtZDBmMS00MTgyLWIxYjQtODg0YTU2MTQ4ZDMzXkEyXkFqcGdeQXVyMjUxODE0MDY@._V1_SX300.jpg
"958,""https://m.media-amazon.com/images/M/MV5BNzM4NzM2MTkyN15BMl5BanBnXkFtZTcwNTA2ODU0NQ@@._V1._CR46,40,263,407_SX89_AL_.jpg_V1_SX300.jpg"""
957,https://m.media-amazon.com/images/M/MV5BYWQ2ZTYxYTYtYTZiMS00OTFiLTg0NzMtZTBmN2MxMDc1NGI5XkEyXkFqcGdeQXVyMjcxNjI4NTk@._V1_SX300.jpg
956,https://m.media-amazon.com/images/M/MV5BMGVjYzU4NjAtOWVkYi00OWQ3LWEwYzMtOTI2ZWY3YTQ1ZGM4L2ltYWdlXkEyXkFqcGdeQXVyNDQzMDg4Nzk@._V1_SX300.jpg
955,https://m.media-amazon.com/images/M/MV5BMmVkOTRiYmItZjE4NS00MWNjLWE0ZmMtYzg5YzFjMjMyY2RkXkEyXkFqcGdeQXVyNjc1NTYyMjg@._V1_SX300.jpg
954,https://m.media-amazon.com/images/M/MV5BZTYwYjYxYzgtMDE1Ni00NzU4LWJlMTEtODQ5YmJmMGJhZjI5L2ltYWdlXkEyXkFqcGdeQXVyMDI2NDg0NQ@@._V1_SX300.jpg
953,https://m.media-amazon.com/images/M/MV5BZjc4NDZhZWMtNGEzYS00ZWU2LThlM2ItNTA0YzQ0OTExMTE2XkEyXkFqcGdeQXVyNjUwMzI2NzU@._V1_SX300.jpg
952,https://m.media-amazon.com/images/M/MV5BNjRhNjVlYTgtODZiOS00OTVhLWE4ZTItZjc3MTFiYWY1YjI5L2ltYWdlXkEyXkFqcGdeQXVyNjc1NTYyMjg@._V1_SX300.jpg
951,https://m.media-amazon.com/images/M/MV5BZDVmZTZkYjMtNmViZC00ODEzLTgwNDAtNmQ3OGQwOWY5YjFmXkEyXkFqcGdeQXVyNDY2MTk1ODk@._V1_SX300.jpg
"950,""https://m.media-amazon.com/images/M/MV5BYmFlOWMwMjAtMDMyMC00N2JjLTllODUtZjY3YWU3NGRkM2I2L2ltYWdlXkEyXkFqcGdeQXVyMjUxODE0MDY@._V1_UX182_CR0,0,182,268_AL_.jpg"""
95,https://m.media-amazon.com/images/M/MV5BYzU2NDg3ZTItNzRmNy00NTQzLTljMDUtNjczOTMwZjEzNWVkXkEyXkFqcGdeQXVyMTQxNzMzNDI@._V1_SX300.jpg
949,https://m.media-amazon.com/images/M/MV5BNTYzNjI3MWUtZjg3Yi00ZDBkLWIwM2YtYmUyZGZjN2RiZjI5XkEyXkFqcGdeQXVyMDI2NDg0NQ@@._V1_SX300.jpg
948,https://m.media-amazon.com/images/M/MV5BYWQ3ZmZhMmQtODQyMS00Y2Q0LThlOTAtM2NiMDMyNDdlYmQ0L2ltYWdlL2ltYWdlXkEyXkFqcGdeQXVyNjc1NTYyMjg@._V1_SX300.jpg
947,https://m.media-amazon.com/images/M/MV5BNTdkZTViNWItZWM2NS00YmMzLWJiYzgtYTAwODEyNjM0NjIwXkEyXkFqcGdeQXVyMjUxODE0MDY@._V1_SX300.jpg
946,https://m.media-amazon.com/images/M/MV5BYTIwNDcyMjktMTczMy00NDM5LTlhNDEtMmE3NGVjOTM2YjQ3XkEyXkFqcGdeQXVyNjc0MzMzNjA@._V1_SX300.jpg
945,https://m.media-amazon.com/images/M/MV5BN2Q0NjE1NTMtOTY5Zi00NWMxLTliOGYtNTg1OGU5M2RjNjVkXkEyXkFqcGdeQXVyNjUwMzI2NzU@._V1_SX300.jpg
944,https://m.media-amazon.com/images/M/MV5BNDIwODc3MDAtZWY5Ny00MTNkLTk2ZTMtYTE4NDY4NDk3MTVmXkEyXkFqcGdeQXVyMDI2NDg0NQ@@._V1_SX300.jpg
943,https://m.media-amazon.com/images/M/MV5BNzYxMjIyMmYtMDI2OS00YTgyLWExZWMtODdkZTk1NzRlODgzXkEyXkFqcGdeQXVyMTAwMzUyOTc@._V1_SX300.jpg
942,https://m.media-amazon.com/images/M/MV5BYjkxOGM5OTktNTRmZi00MjhlLWE2MDktNzY3NjY3NmRjNDUyXkEyXkFqcGdeQXVyNDY2MTk1ODk@._V1_SX300.jpg
941,https://m.media-amazon.com/images/M/MV5BMTU2ODc0NzUyMl5BMl5BanBnXkFtZTgwODQ3NTA1MjE@._V1_SX300.jpg
940,https://m.media-amazon.com/images/M/MV5BYjZjOTU3MTMtYTM5YS00YjZmLThmNmMtODcwOTM1NmRiMWM2XkEyXkFqcGdeQXVyNjc1NTYyMjg@._V1_SX300.jpg
94,https://m.media-amazon.com/images/M/MV5BOTQ4OTU0ODktY2E5YS00MGFhLTgwZTEtZWFkOGMxMmFmOTg0XkEyXkFqcGdeQXVyNzc5MjA3OA@@._V1_SX300.jpg
939,https://m.media-amazon.com/images/M/MV5BNTE2YTY3M2ItYWVjOS00MTUxLWI5YjEtMWQwYjZjMTMwYWFkXkEyXkFqcGdeQXVyNzc5MjA3OA@@._V1_SX300.jpg
938,https://m.media-amazon.com/images/M/MV5BMWIzNzlkMWUtY2VhYy00NWMwLTg3MWUtZWY4ODZjMjBiMmM1XkEyXkFqcGdeQXVyMDI2NDg0NQ@@._V1_SX300.jpg
937,https://m.media-amazon.com/images/M/MV5BZDgxMTM4OWQtNjJmMS00YTgwLWI0NjItMWRmMDIwMzQzYTMyXkEyXkFqcGdeQXVyMDI2NDg0NQ@@._V1_SX300.jpg
936,https://m.media-amazon.com/images/M/MV5BOTQ1ZDg5MjctZmNkNC00M2E5LTgyMjEtMjg0NDVjMTBiZjFhXkEyXkFqcGdeQXVyNjc0MzMzNjA@._V1_SX300.jpg
935,https://m.media-amazon.com/images/M/MV5BNGUxZmJkZTgtMmI1Ny00Mzg3LWFlY2QtMjNkM2QwZGVhYTQyL2ltYWdlL2ltYWdlXkEyXkFqcGdeQXVyNjc1NTYyMjg@._V1_SX300.jpg
934,https://m.media-amazon.com/images/M/MV5BNzBlYzAxMjgtOGRmZS00ZmRjLWFmNjQtZjVjZTFlMzE3Y2MzXkEyXkFqcGdeQXVyMTMxMTY0OTQ@._V1_SX300.jpg
933,https://m.media-amazon.com/images/M/MV5BODM2ODgyOGYtYzYwMC00ZTEwLTg2MmItZDI2OTdhMTdiMGFiL2ltYWdlXkEyXkFqcGdeQXVyNjc1NTYyMjg@._V1_SX300.jpg
932,https://m.media-amazon.com/images/M/MV5BN2M3YjI1YTUtNDFlOS00MGNiLWExZjctNjY1ODFhYjYxMWMwXkEyXkFqcGdeQXVyMDI2NDg0NQ@@._V1_SX300.jpg
931,https://m.media-amazon.com/images/M/MV5BMTM2NDI5Nzg5Nl5BMl5BanBnXkFtZTcwNDk3NzI0NA@@._V1_SX300.jpg
930,https://m.media-amazon.com/images/M/MV5BYTc1NGViOTMtNjZhNS00OGY2LWI4MmItOWQwNTY4MDMzNWI3L2ltYWdlXkEyXkFqcGdeQXVyNjc1NTYyMjg@._V1_SX300.jpg
93,https://m.media-amazon.com/images/M/MV5BNWFlYjJiYzUtNWE1YS00YzM5LTkxYzMtN2FlMjI4NTNlNzExXkEyXkFqcGdeQXVyMTQxNzMzNDI@._V1_SX300.jpg
929,https://m.media-amazon.com/images/M/MV5BNmM3ZGE4Y2EtNGFlMS00YjE5LWExYzYtYzQyYTQxYTZlMWRmXkEyXkFqcGdeQXVyMTMxMTY0OTQ@._V1_SX300.jpg
928,https://m.media-amazon.com/images/M/MV5BYTcxYWExOTMtMWFmYy00ZjgzLWI0YjktNWEzYzJkZTg0NDdmL2ltYWdlXkEyXkFqcGdeQXVyNjc1NTYyMjg@._V1_SX300.jpg
927,https://m.media-amazon.com/images/M/MV5BMjk2NzU4ZTQtYmYxZi00ZjI0LWEzZDMtZDY4OGY2YTI2MDcxXkEyXkFqcGdeQXVyMTMxMTY0OTQ@._V1_SX300.jpg
926,https://m.media-amazon.com/images/M/MV5BMTY2MTAzODI5NV5BMl5BanBnXkFtZTgwMjM4NzQ0MjE@._V1_SX300.jpg
925,https://m.media-amazon.com/images/M/MV5BMTk0MjQ1OTk4MF5BMl5BanBnXkFtZTcwNzA3ODEyMQ@@._V1_SX300.jpg
924,https://m.media-amazon.com/images/M/MV5BMmNlYzRiNDctZWNhMi00MzI4LThkZTctMTUzMmZkMmFmNThmXkEyXkFqcGdeQXVyNzkwMjQ5NzM@._V1_SX300.jpg
923,https://m.media-amazon.com/images/M/MV5BYjBiOTYxZWItMzdiZi00NjlkLWIzZTYtYmFhZjhiMTljOTdkXkEyXkFqcGdeQXVyNzkwMjQ5NzM@._V1_SX300.jpg
922,https://m.media-amazon.com/images/M/MV5BMTU0NTkyNzYwMF5BMl5BanBnXkFtZTgwMDU0NDk5MTI@._V1_SX300.jpg
921,https://m.media-amazon.com/images/M/MV5BZjNmZDkyZWQtMmFkYi00NDNjLWJmY2QtMTE1YTIwN2E0OWEzXkEyXkFqcGdeQXVyMjI4MjA5MzA@._V1_SX300.jpg
920,https://m.media-amazon.com/images/M/MV5BYjUyZWZkM2UtMzYxYy00ZmQ3LWFmZTQtOGE2YjBkNjA3YWZlXkEyXkFqcGdeQXVyNzkwMjQ5NzM@._V1_SX300.jpg
92,https://m.media-amazon.com/images/M/MV5BZWI5MzBiMjgtNDE2ZC00MTA1LWFmNWItZDQyMDA2NGE0MjQ5XkEyXkFqcGdeQXVyMTQxNzMzNDI@._V1_SX300.jpg
919,https://m.media-amazon.com/images/M/MV5BNjUyMTc4MDExMV5BMl5BanBnXkFtZTgwNDg0NDIwMjE@._V1_SX300.jpg
918,https://m.media-amazon.com/images/M/MV5BZWVmZmRlNWQtYzYyMy00ZDljLWE5MjgtNDE5MGVmYTQ5NDk0XkEyXkFqcGdeQXVyNjc1NTYyMjg@._V1_SX300.jpg
917,https://m.media-amazon.com/images/M/MV5BZjEyYTgyZDItYWUzMy00OTVkLWE4YzQtMzliZGRiMjYxZDkzXkEyXkFqcGdeQXVyMDI2NDg0NQ@@._V1_SX300.jpg
916,https://m.media-amazon.com/images/M/MV5BMTE2MDM4MTMtZmNkZC00Y2QyLWE0YjUtMTAxZGJmODMxMDM0XkEyXkFqcGdeQXVyNjc1NTYyMjg@._V1_SX300.jpg
915,https://m.media-amazon.com/images/M/MV5BYmFlNTA1NWItODQxNC00YjFmLWE3ZWYtMzg3YTkwYmMxMjY2XkEyXkFqcGdeQXVyMTMxMTY0OTQ@._V1_SX300.jpg
914,https://m.media-amazon.com/images/M/MV5BNGM0ZTU3NmItZmRmMy00YWNjLWEzMWItYzg3MzcwZmM5NjdiXkEyXkFqcGdeQXVyNDYyMDk5MTU@._V1_SX300.jpg
913,https://m.media-amazon.com/images/M/MV5BZjIwNGM1ZTUtOThjYS00NDdiLTk2ZDYtNGY5YjJkNzliM2JjL2ltYWdlL2ltYWdlXkEyXkFqcGdeQXVyMDI2NDg0NQ@@._V1_SX300.jpg
912,https://m.media-amazon.com/images/M/MV5BY2IzZGY2YmEtYzljNS00NTM5LTgwMzUtMzM1NjQ4NGI0OTk0XkEyXkFqcGdeQXVyNDYyMDk5MTU@._V1_SX300.jpg
911,https://m.media-amazon.com/images/M/MV5BMTA0Y2UyMDUtZGZiOS00ZmVkLTg3NmItODQyNTY1ZjU1MWE4L2ltYWdlL2ltYWdlXkEyXkFqcGdeQXVyNjc1NTYyMjg@._V1_SX300.jpg
910,https://m.media-amazon.com/images/M/MV5BNzAyOGIxYjAtMGY2NC00ZTgyLWIwMWEtYzY0OWQ4NDFjOTc5XkEyXkFqcGdeQXVyNjU0OTQ0OTY@._V1_SX300.jpg
909,https://m.media-amazon.com/images/M/MV5BNzkwODFjNzItMmMwNi00MTU5LWE2MzktM2M4ZDczZGM1MmViXkEyXkFqcGdeQXVyNDY2MTk1ODk@._V1_SX300.jpg
908,https://m.media-amazon.com/images/M/MV5BZDA3NDExMTUtMDlhOC00MmQ5LWExZGUtYmI1NGVlZWI4OWNiXkEyXkFqcGdeQXVyNjc1NTYyMjg@._V1_SX300.jpg
907,https://m.media-amazon.com/images/M/MV5BMTc5MjcxMjU0OV5BMl5BanBnXkFtZTgwODY0OTgxMTE@._V1_SX300.jpg
906,https://m.media-amazon.com/images/M/MV5BNTI0Y2Q1YjAtZTJhOS00NTZjLTk5ZWItNzJiMTM1NGVjZThlL2ltYWdlXkEyXkFqcGdeQXVyNjc1NTYyMjg@._V1_SX300.jpg
905,https://m.media-amazon.com/images/M/MV5BZmViYmM5OTYtNGQ4Ny00YjQyLThiNjEtYTE4MGZhZTNmZjcyL2ltYWdlL2ltYWdlXkEyXkFqcGdeQXVyNjU0OTQ0OTY@._V1_SX300.jpg
904,https://m.media-amazon.com/images/M/MV5BNGUxYWM3M2MtMGM3Mi00ZmRiLWE0NGQtZjE5ODI2OTJhNTU0XkEyXkFqcGdeQXVyMTQxNzMzNDI@._V1_SX300.jpg
903,https://m.media-amazon.com/images/M/MV5BYTE4ODEwZDUtNDFjOC00NjAxLWEzYTQtYTI1NGVmZmFlNjdiL2ltYWdlL2ltYWdlXkEyXkFqcGdeQXVyNjc1NTYyMjg@._V1_SX300.jpg
902,https://m.media-amazon.com/images/M/MV5BNGEwMTRmZTQtMDY4Ni00MTliLTk5ZmMtOWMxYWMyMTllMDg0L2ltYWdlL2ltYWdlXkEyXkFqcGdeQXVyNjc1NTYyMjg@._V1_SX300.jpg
901,https://m.media-amazon.com/images/M/MV5BNGY0YzA2OWQtOGMwZi00MzI2LWE4MzgtY2QzOTk1ODBhYjA3XkEyXkFqcGdeQXVyMjIyNjE2NA@@._V1_SX300.jpg
900,https://m.media-amazon.com/images/M/MV5BMzFkNGM0YTUtZjY5Ny00NzBkLWE1NTAtYzUxNjUyZmJlODMwL2ltYWdlL2ltYWdlXkEyXkFqcGdeQXVyNjc1NTYyMjg@._V1_SX300.jpg
